,V1,V2,V3,V4,V5,V6,V7,V8
rs355838,41.81,112.24,114.4,80.57,95.74,102.58,94.86,101.4
rs8321,84.29,89.6,123.79,91.97,77.45,84.85,86.61,38.01
rs5754352,104.2,99.4,126.09,81.45,68.76,99.62,82.09,52.77
rs308971,29.26,117.42,99.05,88.43,90.79,91.74,89.04,90.18
rs2269928,102.22,89.4,112.83,60.89,73.86,62.9,81.56,120.76
rs10744777,80.56,105.5,78.72,136.24,95.4,115.82,109.33,79.43
rs11717195,103.94,119.74,104.74,60.01,75.54,68.31,114.42,83.83
rs6485702,150.2,108.49,79.1,97.44,86.43,72.59,89.58,88.77
rs6810027,141.8,74.67,68.64,89.61,75.55,86.84,82.35,71.86
rs9287442,108.95,85.69,126.15,57.35,64.58,87.52,102.1,81.92
rs9287442-90,18.95,-4.31,36.15,-32.65,-25.42,-2.48,12.1,-8.08
